日期,球队,进球,赛事
2019/1/2,Oman,2,Friendly
2019/1/5,United Arab Emirates,1,AFC Asian Cup
2019/1/6,Thailand,1,AFC Asian Cup
2019/1/6,Australia,0,AFC Asian Cup
2019/1/6,Syria,0,AFC Asian Cup
2019/1/7,China PR,2,AFC Asian Cup
2019/1/7,South Korea,1,AFC Asian Cup
2019/1/7,Iran,5,AFC Asian Cup
2019/1/8,Finland,1,Friendly
2019/1/8,Iraq,3,AFC Asian Cup
2019/1/8,Saudi Arabia,4,AFC Asian Cup
2019/1/9,Qatar,2,AFC Asian Cup
2019/1/9,Japan,3,AFC Asian Cup
2019/1/9,Uzbekistan,2,AFC Asian Cup
2019/1/10,Bahrain,0,AFC Asian Cup
2019/1/10,India,0,AFC Asian Cup
2019/1/10,Jordan,2,AFC Asian Cup
2019/1/11,Estonia,2,Friendly
2019/1/11,Iceland,2,Friendly
2019/1/11,Palestine,0,AFC Asian Cup
2019/1/11,Philippines,0,AFC Asian Cup
2019/1/11,Kyrgyzstan,0,AFC Asian Cup
2019/1/12,Vietnam,0,AFC Asian Cup
2019/1/12,Yemen,0,AFC Asian Cup
2019/1/12,Lebanon,0,AFC Asian Cup
2019/1/13,North Korea,0,AFC Asian Cup
2019/1/13,Oman,0,AFC Asian Cup
2019/1/13,Turkmenistan,0,AFC Asian Cup
2019/1/14,India,0,AFC Asian Cup
2019/1/14,United Arab Emirates,1,AFC Asian Cup
2019/1/15,Estonia,0,Friendly
2019/1/15,Australia,3,AFC Asian Cup
2019/1/15,Palestine,0,AFC Asian Cup
2019/1/16,South Korea,2,AFC Asian Cup
2019/1/16,Kyrgyzstan,3,AFC Asian Cup
2019/1/16,Iran,0,AFC Asian Cup
2019/1/16,Vietnam,2,AFC Asian Cup
2019/1/17,Lebanon,4,AFC Asian Cup
2019/1/17,Saudi Arabia,0,AFC Asian Cup
2019/1/17,Japan,2,AFC Asian Cup
2019/1/17,Oman,3,AFC Asian Cup
2019/1/20,Iran,2,AFC Asian Cup
2019/1/20,Jordan,1,AFC Asian Cup
2019/1/20,Thailand,1,AFC Asian Cup
2019/1/21,Australia,0,AFC Asian Cup
2019/1/21,Japan,1,AFC Asian Cup
2019/1/21,United Arab Emirates,3,AFC Asian Cup
2019/1/22,South Korea,2,AFC Asian Cup
2019/1/22,Qatar,1,AFC Asian Cup
2019/1/24,China PR,0,AFC Asian Cup
2019/1/24,Vietnam,0,AFC Asian Cup
2019/1/25,South Korea,0,AFC Asian Cup
2019/1/25,United Arab Emirates,1,AFC Asian Cup
2019/1/27,United States,3,Friendly
2019/1/28,Iran,0,AFC Asian Cup
2019/1/29,Qatar,4,AFC Asian Cup
2019/2/1,Japan,1,AFC Asian Cup
2019/2/2,United States,2,Friendly
2019/2/21,Kazakhstan,1,Friendly
2019/2/27,Cuba,5,Friendly
2019/3/3,Bolivia,2,Friendly
2019/3/4,Barbados,3,Friendly
2019/3/6,El Salvador,3,Friendly
2019/3/9,Cambodia,0,Friendly
2019/3/16,Bahamas,6,Friendly
2019/3/18,Fiji,3,Friendly
2019/3/18,Solomon Islands,3,Friendly
2019/3/19,Myanmar,0,Friendly
2019/3/20,Germany,1,Friendly
2019/3/20,Wales,1,Friendly
2019/3/21,Kosovo,2,Friendly
2019/3/21,Kuwait,0,Friendly
2019/3/21,Mauritius,3,Friendly
2019/3/21,United Arab Emirates,2,Friendly
2019/3/21,United States,1,Friendly
2019/3/21,Northern Ireland,2,UEFA Euro qualification
2019/3/21,Netherlands,4,UEFA Euro qualification
2019/3/21,Croatia,2,UEFA Euro qualification
2019/3/21,Slovakia,2,UEFA Euro qualification
2019/3/21,Austria,0,UEFA Euro qualification
2019/3/21,North Macedonia,3,UEFA Euro qualification
2019/3/21,Israel,1,UEFA Euro qualification
2019/3/21,Cyprus,5,UEFA Euro qualification
2019/3/21,Belgium,3,UEFA Euro qualification
2019/3/21,Kazakhstan,3,UEFA Euro qualification
2019/3/21,British Virgin Islands,2,CONCACAF Nations League qualification
2019/3/22,Argentina,1,Friendly
2019/3/22,Guatemala,1,Friendly
2019/3/22,Japan,0,Friendly
2019/3/22,South Korea,1,Friendly
2019/3/22,Mexico,3,Friendly
2019/3/22,Peru,1,Friendly
2019/3/22,Bulgaria,1,UEFA Euro qualification
2019/3/22,England,5,UEFA Euro qualification
2019/3/22,Portugal,0,UEFA Euro qualification
2019/3/22,Luxembourg,2,UEFA Euro qualification
2019/3/22,Albania,0,UEFA Euro qualification
2019/3/22,Andorra,0,UEFA Euro qualification
2019/3/22,Moldova,1,UEFA Euro qualification
2019/3/22,Botswana,0,African Cup of Nations qualification
2019/3/22,Anguilla,0,CONCACAF Nations League qualification
2019/3/22,Saint Vincent and the Grenadines,2,CONCACAF Nations League qualification
2019/3/22,Cayman Islands,1,CONCACAF Nations League qualification
2019/3/22,Saint Lucia,3,CONCACAF Nations League qualification
2019/3/23,Brazil,1,Friendly
2019/3/23,Malaysia,2,Friendly
2019/3/23,Oman,1,Friendly
2019/3/23,Georgia,0,UEFA Euro qualification
2019/3/23,Gibraltar,0,UEFA Euro qualification
2019/3/23,Malta,2,UEFA Euro qualification
2019/3/23,Sweden,2,UEFA Euro qualification
2019/3/23,Spain,2,UEFA Euro qualification
2019/3/23,Bosnia and Herzegovina,2,UEFA Euro qualification
2019/3/23,Italy,2,UEFA Euro qualification
2019/3/23,Liechtenstein,0,UEFA Euro qualification
2019/3/23,Senegal,2,African Cup of Nations qualification
2019/3/23,Cameroon,3,African Cup of Nations qualification
2019/3/23,Mali,3,African Cup of Nations qualification
2019/3/23,Ghana,1,African Cup of Nations qualification
2019/3/23,Niger,1,African Cup of Nations qualification
2019/3/23,Zambia,4,African Cup of Nations qualification
2019/3/23,Dominica,4,CONCACAF Nations League qualification
2019/3/23,Sint Maarten,4,CONCACAF Nations League qualification
2019/3/23,Antigua and Barbuda,2,CONCACAF Nations League qualification
2019/3/23,Guyana,2,CONCACAF Nations League qualification
2019/3/23,Suriname,2,CONCACAF Nations League qualification
2019/3/23,Guadeloupe,0,CONCACAF Nations League qualification
2019/3/24,Chinese Taipei,0,Friendly
2019/3/24,Fiji,1,Friendly
2019/3/24,Northern Ireland,2,UEFA Euro qualification
2019/3/24,Netherlands,2,UEFA Euro qualification
2019/3/24,Wales,1,UEFA Euro qualification
2019/3/24,Hungary,2,UEFA Euro qualification
2019/3/24,Israel,4,UEFA Euro qualification
2019/3/24,Poland,2,UEFA Euro qualification
2019/3/24,Slovenia,1,UEFA Euro qualification
2019/3/24,San Marino,0,UEFA Euro qualification
2019/3/24,Kazakhstan,0,UEFA Euro qualification
2019/3/24,Cyprus,0,UEFA Euro qualification
2019/3/24,Benin,2,African Cup of Nations qualification
2019/3/24,Libya,1,African Cup of Nations qualification
2019/3/24,Zimbabwe,2,African Cup of Nations qualification
2019/3/24,Central African Republic,0,African Cup of Nations qualification
2019/3/24,Tanzania,3,African Cup of Nations qualification
2019/3/24,British Virgin Islands,1,CONCACAF Nations League qualification
2019/3/24,Puerto Rico,0,CONCACAF Nations League qualification
2019/3/24,Canada,4,CONCACAF Nations League qualification
2019/3/24,Dominican Republic,1,CONCACAF Nations League qualification
2019/3/24,Haiti,2,CONCACAF Nations League qualification
2019/3/24,Barbados,0,CONCACAF Nations League qualification
2019/3/24,El Salvador,2,CONCACAF Nations League qualification
2019/3/25,Azerbaijan,0,Friendly
2019/3/25,Kuwait,1,Friendly
2019/3/25,Myanmar,0,Friendly
2019/3/25,Saudi Arabia,3,Friendly
2019/3/25,Kosovo,1,UEFA Euro qualification
2019/3/25,Montenegro,1,UEFA Euro qualification
2019/3/25,Portugal,1,UEFA Euro qualification
2019/3/25,Luxembourg,1,UEFA Euro qualification
2019/3/25,Turkey,4,UEFA Euro qualification
2019/3/25,Andorra,0,UEFA Euro qualification
2019/3/25,France,4,UEFA Euro qualification
2019/3/26,Algeria,1,Friendly
2019/3/26,Costa Rica,1,Friendly
2019/3/26,Czech Republic,1,Friendly
2019/3/26,Ghana,3,Friendly
2019/3/26,Gibraltar,0,Friendly
2019/3/26,Honduras,0,Friendly
2019/3/26,Ivory Coast,1,Friendly
2019/3/26,Japan,0,Friendly
2019/3/26,South Korea,2,Friendly
2019/3/26,Morocco,0,Friendly
2019/3/26,Nicaragua,0,Friendly
2019/3/26,Nigeria,1,Friendly
2019/3/26,Paraguay,2,Friendly
2019/3/26,Peru,0,Friendly
2019/3/26,Senegal,2,Friendly
2019/3/26,United Arab Emirates,0,Friendly
2019/3/26,United States,1,Friendly
2019/3/26,Republic of Ireland,1,UEFA Euro qualification
2019/3/26,Switzerland,3,UEFA Euro qualification
2019/3/26,Malta,0,UEFA Euro qualification
2019/3/26,Norway,3,UEFA Euro qualification
2019/3/26,Romania,4,UEFA Euro qualification
2019/3/26,Bosnia and Herzegovina,2,UEFA Euro qualification
2019/3/26,Italy,6,UEFA Euro qualification
2019/3/26,Armenia,0,UEFA Euro qualification
2019/4/20,Botswana,2,African Nations Championship qualification
2019/4/20,Eswatini,0,African Nations Championship qualification
2019/5/4,Yorkshire,6,Friendly
2019/5/11,Malawi,1,African Nations Championship qualification
2019/5/11,Seychelles,1,African Nations Championship qualification
2019/5/25,Eswatini,2,COSAFA Cup
2019/5/25,Kernow,5,Friendly
2019/5/25,Cascadia,6,Friendly
2019/5/26,Mozambique,1,COSAFA Cup
2019/5/26,Malawi,3,COSAFA Cup
2019/5/27,Eswatini,2,COSAFA Cup
2019/5/28,Seychelles,0,COSAFA Cup
2019/5/28,Namibia,1,COSAFA Cup
2019/5/28,Laos,2,Friendly
2019/5/29,Comoros,2,COSAFA Cup
2019/5/29,Panama,0,Friendly
2019/5/30,Mozambique,1,COSAFA Cup
2019/5/30,Namibia,3,COSAFA Cup
2019/5/30,Turkey,2,Friendly
2019/5/31,Laos,2,Friendly
2019/6/1,Lesotho,0,COSAFA Cup
2019/6/1,Zimbabwe,2,COSAFA Cup
2019/6/1,Venezuela,1,Friendly
2019/6/1,Yorkshire,1,Atlantic Heritage Cup
2019/6/2,South Africa,2,COSAFA Cup
2019/6/2,Zambia,2,COSAFA Cup
2019/6/2,El Salvador,1,Friendly
2019/6/2,France,2,Friendly
2019/6/2,Luxembourg,3,Friendly
2019/6/2,Malaysia,2,Friendly
2019/6/2,Turkey,0,Friendly
2019/6/2,Abkhazia,3,CONIFA European Football Cup
2019/6/2,Artsakh,3,CONIFA European Football Cup
2019/6/2,Padania,4,CONIFA European Football Cup
2019/6/2,Western Armenia,1,CONIFA European Football Cup
2019/6/2,Parishes of Jersey,9,Atlantic Heritage Cup
2019/6/3,Colombia,3,Friendly
2019/6/3,Vanuatu,2,Friendly
2019/6/3,Artsakh,1,CONIFA European Football Cup
2019/6/3,Sápmi,0,CONIFA European Football Cup
2019/6/3,Székely Land,0,CONIFA European Football Cup
2019/6/3,South Ossetia,2,CONIFA European Football Cup
2019/6/4,Comoros,1,COSAFA Cup
2019/6/4,Uganda,1,COSAFA Cup
2019/6/4,Artsakh,1,CONIFA European Football Cup
2019/6/4,Chameria,4,CONIFA European Football Cup
2019/6/4,South Ossetia,2,CONIFA European Football Cup
2019/6/4,Padania,1,CONIFA European Football Cup
2019/6/5,Lesotho,1,COSAFA Cup
2019/6/5,Zimbabwe,0,COSAFA Cup
2019/6/5,Brazil,2,Friendly
2019/6/5,Mexico,3,Friendly
2019/6/5,Paraguay,1,Friendly
2019/6/5,Peru,1,Friendly
2019/6/5,United States,0,Friendly
2019/6/5,Portugal,3,UEFA Nations League
2019/6/6,Bermuda,1,Friendly
2019/6/6,Chile,2,Friendly
2019/6/6,Chinese Taipei,1,Friendly
2019/6/6,Iran,5,Friendly
2019/6/6,Slovakia,5,Friendly
2019/6/6,Tajikistan,1,Friendly
2019/6/6,England,1,UEFA Nations League
2019/6/6,Abkhazia,1,CONIFA European Football Cup
2019/6/6,South Ossetia,0,CONIFA European Football Cup
2019/6/6,Padania,4,CONIFA European Football Cup
2019/6/6,Artsakh,2,CONIFA European Football Cup
2019/6/6,Bhutan,1,FIFA World Cup qualification
2019/6/6,Cambodia,2,FIFA World Cup qualification
2019/6/6,Laos,0,FIFA World Cup qualification
2019/6/6,Macau,1,FIFA World Cup qualification
2019/6/6,Mongolia,2,FIFA World Cup qualification
2019/6/7,Czech Republic,2,UEFA Euro qualification
2019/6/7,Montenegro,1,UEFA Euro qualification
2019/6/7,Lithuania,1,UEFA Euro qualification
2019/6/7,Ukraine,5,UEFA Euro qualification
2019/6/7,Georgia,3,UEFA Euro qualification
2019/6/7,Denmark,1,UEFA Euro qualification
2019/6/7,Faroe Islands,1,UEFA Euro qualification
2019/6/7,Norway,2,UEFA Euro qualification
2019/6/7,Sweden,3,UEFA Euro qualification
2019/6/7,Austria,1,UEFA Euro qualification
2019/6/7,North Macedonia,0,UEFA Euro qualification
2019/6/7,Latvia,0,UEFA Euro qualification
2019/6/7,Lesotho,2,COSAFA Cup
2019/6/7,South Africa,0,COSAFA Cup
2019/6/7,Argentina,5,Friendly
2019/6/7,China PR,2,Friendly
2019/6/7,Fiji,1,Friendly
2019/6/7,Ivory Coast,3,Friendly
2019/6/7,Kenya,1,Friendly
2019/6/7,South Korea,1,Friendly
2019/6/7,Tunisia,2,Friendly
2019/6/7,Uruguay,3,Friendly
2019/6/7,Uzbekistan,4,Friendly
2019/6/7,Malaysia,7,FIFA World Cup qualification
2019/6/8,Estonia,1,UEFA Euro qualification
2019/6/8,Belarus,0,UEFA Euro qualification
2019/6/8,Croatia,2,UEFA Euro qualification
2019/6/8,Azerbaijan,1,UEFA Euro qualification
2019/6/8,Iceland,1,UEFA Euro qualification
2019/6/8,Moldova,1,UEFA Euro qualification
2019/6/8,Turkey,2,UEFA Euro qualification
2019/6/8,Russia,9,UEFA Euro qualification
2019/6/8,Scotland,2,UEFA Euro qualification
2019/6/8,Belgium,3,UEFA Euro qualification
2019/6/8,Finland,2,UEFA Euro qualification
2019/6/8,Armenia,3,UEFA Euro qualification
2019/6/8,Greece,0,UEFA Euro qualification
2019/6/8,Botswana,0,COSAFA Cup
2019/6/8,Angola,2,Friendly
2019/6/8,Nigeria,0,Friendly
2019/6/8,Singapore,4,Friendly
2019/6/8,Abkhazia,0,CONIFA European Football Cup
2019/6/8,Sápmi,3,CONIFA European Football Cup
2019/6/8,Artsakh,2,CONIFA European Football Cup
2019/6/9,Brazil,7,Friendly
2019/6/9,Cameroon,2,Friendly
2019/6/9,DR Congo,0,Friendly
2019/6/9,Mexico,3,Friendly
2019/6/9,Paraguay,2,Friendly
2019/6/9,Peru,0,Friendly
2019/6/9,Turkmenistan,0,Friendly
2019/6/9,United States,0,Friendly
2019/6/9,Switzerland,0,UEFA Nations League
2019/6/9,Portugal,1,UEFA Nations League
2019/6/9,Western Armenia,0,CONIFA European Football Cup
2019/6/10,Czech Republic,3,UEFA Euro qualification
2019/6/10,Bulgaria,2,UEFA Euro qualification
2019/6/10,Serbia,4,UEFA Euro qualification
2019/6/10,Ukraine,1,UEFA Euro qualification
2019/6/10,Republic of Ireland,2,UEFA Euro qualification
2019/6/10,Denmark,5,UEFA Euro qualification
2019/6/10,Faroe Islands,0,UEFA Euro qualification
2019/6/10,Malta,0,UEFA Euro qualification
2019/6/10,Spain,3,UEFA Euro qualification
2019/6/10,North Macedonia,1,UEFA Euro qualification
2019/6/10,Poland,4,UEFA Euro qualification
2019/6/10,Latvia,0,UEFA Euro qualification
2019/6/10,Vanuatu,0,Friendly
2019/6/11,Germany,8,UEFA Euro qualification
2019/6/11,Belarus,0,UEFA Euro qualification
2019/6/11,Azerbaijan,1,UEFA Euro qualification
2019/6/11,Hungary,1,UEFA Euro qualification
2019/6/11,Iceland,2,UEFA Euro qualification
2019/6/11,Albania,2,UEFA Euro qualification
2019/6/11,Andorra,0,UEFA Euro qualification
2019/6/11,Kazakhstan,4,UEFA Euro qualification
2019/6/11,Belgium,3,UEFA Euro qualification
2019/6/11,Russia,1,UEFA Euro qualification
2019/6/11,Italy,2,UEFA Euro qualification
2019/6/11,Liechtenstein,0,UEFA Euro qualification
2019/6/11,Greece,2,UEFA Euro qualification
2019/6/11,Algeria,1,Friendly
2019/6/11,Benin,1,Friendly
2019/6/11,China PR,1,Friendly
2019/6/11,Croatia,1,Friendly
2019/6/11,Hong Kong,0,Friendly
2019/6/11,Jordan,4,Friendly
2019/6/11,South Korea,1,Friendly
2019/6/11,Kyrgyzstan,2,Friendly
2019/6/11,Singapore,1,Friendly
2019/6/11,Uzbekistan,2,Friendly
2019/6/11,Bangladesh,0,FIFA World Cup qualification
2019/6/11,Brunei,2,FIFA World Cup qualification
2019/6/11,Guam,5,FIFA World Cup qualification
2019/6/11,Pakistan,1,FIFA World Cup qualification
2019/6/11,Sri Lanka,3,FIFA World Cup qualification
2019/6/11,Malaysia,5,FIFA World Cup qualification
2019/6/12,Morocco,0,Friendly
2019/6/12,Ynys Môn,7,Friendly
2019/6/13,Egypt,1,Friendly
2019/6/14,Cameroon,1,Friendly
2019/6/14,Madagascar,1,Friendly
2019/6/14,Brazil,3,Copa América
2019/6/15,Venezuela,0,Copa América
2019/6/15,Argentina,0,Copa América
2019/6/15,Canada,4,Gold Cup
2019/6/15,Mexico,7,Gold Cup
2019/6/15,Ghana,0,Friendly
2019/6/15,Indonesia,6,Friendly
2019/6/15,Ivory Coast,0,Friendly
2019/6/15,Kenya,1,Friendly
2019/6/15,Tanzania,1,Friendly
2019/6/16,Jersey,5,Inter Games Football Tournament
2019/6/16,Ynys Môn,2,Inter Games Football Tournament
2019/6/16,Alderney,2,Inter Games Football Tournament
2019/6/16,Saint Helena,1,Inter Games Football Tournament
2019/6/16,Paraguay,2,Copa América
2019/6/16,Uruguay,4,Copa América
2019/6/16,Haiti,2,Gold Cup
2019/6/16,Costa Rica,4,Gold Cup
2019/6/16,Algeria,3,Friendly
2019/6/16,Egypt,3,Friendly
2019/6/16,Morocco,2,Friendly
2019/6/16,Senegal,1,Friendly
2019/6/17,Ynys Môn,3,Inter Games Football Tournament
2019/6/17,Jersey,7,Inter Games Football Tournament
2019/6/17,Isle of Man,7,Inter Games Football Tournament
2019/6/17,Guernsey,2,Inter Games Football Tournament
2019/6/17,Japan,0,Copa América
2019/6/17,Curaçao,0,Gold Cup
2019/6/17,Jamaica,3,Gold Cup
2019/6/17,Tunisia,2,Friendly
2019/6/18,Ynys Môn,1,Inter Games Football Tournament
2019/6/18,Western Isles,1,Inter Games Football Tournament
2019/6/18,Isle of Man,6,Inter Games Football Tournament
2019/6/18,Guernsey,9,Inter Games Football Tournament
2019/6/18,Bolivia,1,Copa América
2019/6/18,Brazil,0,Copa América
2019/6/18,Panama,2,Gold Cup
2019/6/18,United States,4,Gold Cup
2019/6/18,Benin,3,Friendly
2019/6/19,Colombia,1,Copa América
2019/6/19,Argentina,1,Copa América
2019/6/19,Cuba,0,Gold Cup
2019/6/19,Mexico,3,Gold Cup
2019/6/19,Ivory Coast,4,Friendly
2019/6/20,Western Isles,2,Inter Games Football Tournament
2019/6/20,Orkney,1,Inter Games Football Tournament
2019/6/20,Jersey,3,Inter Games Football Tournament
2019/6/20,Ynys Môn,2,Inter Games Football Tournament
2019/6/20,Isle of Man,2,Inter Games Football Tournament
2019/6/20,Uruguay,2,Copa América
2019/6/20,Nicaragua,0,Gold Cup
2019/6/20,Costa Rica,2,Gold Cup
2019/6/21,Shetland,0,Inter Games Football Tournament
2019/6/21,Ynys Môn,2,Inter Games Football Tournament
2019/6/21,Egypt,1,African Cup of Nations
2019/6/21,Ecuador,1,Copa América
2019/6/21,El Salvador,0,Gold Cup
2019/6/21,Honduras,0,Gold Cup
2019/6/22,DR Congo,0,African Cup of Nations
2019/6/22,Nigeria,1,African Cup of Nations
2019/6/22,Guinea,2,African Cup of Nations
2019/6/22,Bolivia,1,Copa América
2019/6/22,Peru,0,Copa América
2019/6/22,Guyana,2,Gold Cup
2019/6/22,United States,6,Gold Cup
2019/6/23,Senegal,2,African Cup of Nations
2019/6/23,Algeria,2,African Cup of Nations
2019/6/23,Morocco,1,African Cup of Nations
2019/6/23,Colombia,1,Copa América
2019/6/23,Qatar,0,Copa América
2019/6/23,Canada,7,Gold Cup
2019/6/23,Martinique,2,Gold Cup
2019/6/24,Ivory Coast,1,African Cup of Nations
2019/6/24,Tunisia,1,African Cup of Nations
2019/6/24,Mali,4,African Cup of Nations
2019/6/24,Chile,0,Copa América
2019/6/24,Ecuador,1,Copa América
2019/6/24,Bermuda,2,Gold Cup
2019/6/24,Haiti,2,Gold Cup
2019/6/25,Cameroon,2,African Cup of Nations
2019/6/25,Ghana,2,African Cup of Nations
2019/6/25,Jamaica,1,Gold Cup
2019/6/25,Honduras,4,Gold Cup
2019/6/26,Uganda,1,African Cup of Nations
2019/6/26,Egypt,2,African Cup of Nations
2019/6/26,Nigeria,1,African Cup of Nations
2019/6/26,Trinidad and Tobago,1,Gold Cup
2019/6/26,United States,1,Gold Cup
2019/6/27,Madagascar,1,African Cup of Nations
2019/6/27,Senegal,0,African Cup of Nations
2019/6/27,Kenya,3,African Cup of Nations
2019/6/27,Brazil,0,Copa América
2019/6/28,Morocco,1,African Cup of Nations
2019/6/28,South Africa,1,African Cup of Nations
2019/6/28,Tunisia,1,African Cup of Nations
2019/6/28,Colombia,0,Copa América
2019/6/28,Venezuela,0,Copa América
2019/6/29,Mauritania,0,African Cup of Nations
2019/6/29,Cameroon,0,African Cup of Nations
2019/6/29,Benin,0,African Cup of Nations
2019/6/29,Uruguay,0,Copa América
2019/6/29,Haiti,3,Gold Cup
2019/6/29,Mexico,1,Gold Cup
2019/6/30,Egypt,2,African Cup of Nations
2019/6/30,Zimbabwe,0,African Cup of Nations
2019/6/30,Burundi,0,African Cup of Nations
2019/6/30,Madagascar,2,African Cup of Nations
2019/6/30,Jamaica,1,Gold Cup
2019/6/30,United States,1,Gold Cup
2019/7/1,Kenya,0,African Cup of Nations
2019/7/1,Tanzania,0,African Cup of Nations
2019/7/1,Namibia,1,African Cup of Nations
2019/7/1,South Africa,0,African Cup of Nations
2019/7/2,Angola,0,African Cup of Nations
2019/7/2,Mauritania,0,African Cup of Nations
2019/7/2,Benin,0,African Cup of Nations
2019/7/2,Guinea-Bissau,0,African Cup of Nations
2019/7/2,Brazil,2,Copa América
2019/7/2,Haiti,0,Gold Cup
2019/7/3,Chile,0,Copa América
2019/7/3,United States,3,Gold Cup
2019/7/5,Morocco,1,African Cup of Nations
2019/7/5,Uganda,0,African Cup of Nations
2019/7/6,Egypt,0,African Cup of Nations
2019/7/6,Nigeria,3,African Cup of Nations
2019/7/6,Argentina,2,Copa América
2019/7/7,Algeria,3,African Cup of Nations
2019/7/7,Madagascar,2,African Cup of Nations
2019/7/7,Brazil,3,Copa América
2019/7/7,United States,0,Gold Cup
2019/7/7,India,2,Intercontinental Cup
2019/7/8,Ghana,1,African Cup of Nations
2019/7/8,Mali,0,African Cup of Nations
2019/7/8,Samoa,0,Pacific Games
2019/7/8,American Samoa,0,Pacific Games
2019/7/8,Tuvalu,0,Pacific Games
2019/7/8,Tahiti,1,Pacific Games
2019/7/8,Syria,5,Intercontinental Cup
2019/7/10,Nigeria,2,African Cup of Nations
2019/7/10,Senegal,1,African Cup of Nations
2019/7/10,Papua New Guinea,2,Pacific Games
2019/7/10,Tuvalu,0,Pacific Games
2019/7/10,American Samoa,0,Pacific Games
2019/7/10,Solomon Islands,0,Pacific Games
2019/7/10,Tajikistan,2,Intercontinental Cup
2019/7/11,Ivory Coast,1,African Cup of Nations
2019/7/11,Madagascar,0,African Cup of Nations
2019/7/12,Samoa,2,Pacific Games
2019/7/12,American Samoa,1,Pacific Games
2019/7/12,Solomon Islands,0,Pacific Games
2019/7/12,New Caledonia,1,Pacific Games
2019/7/13,India,2,Intercontinental Cup
2019/7/14,Algeria,2,African Cup of Nations
2019/7/14,Senegal,1,African Cup of Nations
2019/7/15,Tonga,0,Pacific Games
2019/7/15,Fiji,10,Pacific Games
2019/7/15,Solomon Islands,13,Pacific Games
2019/7/15,Tahiti,0,Pacific Games
2019/7/15,North Korea,1,Intercontinental Cup
2019/7/16,India,1,Intercontinental Cup
2019/7/17,Tunisia,0,African Cup of Nations
2019/7/18,Papua New Guinea,8,Pacific Games
2019/7/18,Samoa,0,Pacific Games
2019/7/18,New Caledonia,11,Pacific Games
2019/7/18,American Samoa,8,Pacific Games
2019/7/18,Fiji,4,Pacific Games
2019/7/19,Senegal,0,African Cup of Nations
2019/7/19,Tajikistan,0,Intercontinental Cup
2019/7/20,Papua New Guinea,1,Pacific Games
2019/7/21,Equatorial Guinea,1,Friendly
2019/7/26,Djibouti,0,African Nations Championship qualification
2019/7/26,Botswana,0,African Nations Championship qualification
2019/7/26,Comoros,0,African Nations Championship qualification
2019/7/27,Burundi,2,African Nations Championship qualification
2019/7/27,Somalia,1,African Nations Championship qualification
2019/7/27,Cape Verde,0,African Nations Championship qualification
2019/7/27,Guinea-Bissau,0,African Nations Championship qualification
2019/7/28,Chad,3,African Nations Championship qualification
2019/7/28,Tanzania,0,African Nations Championship qualification
2019/7/28,Lesotho,3,African Nations Championship qualification
2019/7/28,Madagascar,1,African Nations Championship qualification
2019/7/28,Eswatini,1,African Nations Championship qualification
2019/7/28,Liberia,1,African Nations Championship qualification
2019/7/28,Benin,0,African Nations Championship qualification
2019/7/29,Mauritius,0,African Nations Championship qualification
2019/8/3,Uganda,4,African Nations Championship qualification
2019/8/3,Angola,1,African Nations Championship qualification
2019/8/3,Zambia,3,African Nations Championship qualification
2019/8/3,Mauritania,2,African Nations Championship qualification
2019/8/3,Senegal,3,African Nations Championship qualification
2019/8/4,Equatorial Guinea,2,African Nations Championship qualification
2019/8/4,Ethiopia,4,African Nations Championship qualification
2019/8/4,Kenya,0,African Nations Championship qualification
2019/8/4,South Sudan,1,African Nations Championship qualification
2019/8/4,Mozambique,3,African Nations Championship qualification
2019/8/4,Namibia,0,African Nations Championship qualification
2019/8/4,South Africa,0,African Nations Championship qualification
2019/8/4,Zimbabwe,3,African Nations Championship qualification
2019/8/4,Mali,3,African Nations Championship qualification
2019/8/4,Togo,1,African Nations Championship qualification
2019/8/11,Saint Vincent and the Grenadines,1,Friendly
2019/8/14,Dominican Republic,0,Friendly
2019/8/27,Saint Kitts and Nevis,4,Friendly
2019/8/28,Belize,1,Friendly
2019/8/28,Chinese Taipei,3,Friendly
2019/8/29,United Arab Emirates,4,Friendly
2019/8/30,Belize,1,Friendly
2019/8/30,China PR,4,Friendly
2019/8/30,Malaysia,0,Friendly
2019/8/31,United Arab Emirates,5,Friendly
2019/9/4,Libya,0,Friendly
2019/9/4,Burundi,1,FIFA World Cup qualification
2019/9/4,Djibouti,2,FIFA World Cup qualification
2019/9/4,Eritrea,1,FIFA World Cup qualification
2019/9/4,Ethiopia,0,FIFA World Cup qualification
2019/9/4,Liberia,3,FIFA World Cup qualification
2019/9/4,Mauritius,0,FIFA World Cup qualification
2019/9/4,São Tomé and Príncipe,0,FIFA World Cup qualification
2019/9/4,South Sudan,1,FIFA World Cup qualification
2019/9/5,Argentina,0,Friendly
2019/9/5,Honduras,4,Friendly
2019/9/5,South Korea,2,Friendly
2019/9/5,Montenegro,2,Friendly
2019/9/5,Northern Ireland,1,Friendly
2019/9/5,Peru,0,Friendly
2019/9/5,Saudi Arabia,1,Friendly
2019/9/5,Republic of Ireland,1,UEFA Euro qualification
2019/9/5,Gibraltar,0,UEFA Euro qualification
2019/9/5,Faroe Islands,0,UEFA Euro qualification
2019/9/5,Norway,2,UEFA Euro qualification
2019/9/5,Romania,1,UEFA Euro qualification
2019/9/5,Israel,1,UEFA Euro qualification
2019/9/5,Armenia,1,UEFA Euro qualification
2019/9/5,Bosnia and Herzegovina,5,UEFA Euro qualification
2019/9/5,Finland,1,UEFA Euro qualification
2019/9/5,Bermuda,1,CONCACAF Nations League
2019/9/5,Grenada,2,CONCACAF Nations League
2019/9/5,French Guiana,3,CONCACAF Nations League
2019/9/5,Dominica,1,CONCACAF Nations League
2019/9/5,U.S. Virgin Islands,0,CONCACAF Nations League
2019/9/5,Barbados,4,CONCACAF Nations League
2019/9/5,Guatemala,10,CONCACAF Nations League
2019/9/5,Guam,0,FIFA World Cup qualification
2019/9/5,Philippines,2,FIFA World Cup qualification
2019/9/5,Chinese Taipei,1,FIFA World Cup qualification
2019/9/5,Kuwait,7,FIFA World Cup qualification
2019/9/5,Cambodia,1,FIFA World Cup qualification
2019/9/5,Bahrain,1,FIFA World Cup qualification
2019/9/5,Palestine,2,FIFA World Cup qualification
2019/9/5,Singapore,2,FIFA World Cup qualification
2019/9/5,India,1,FIFA World Cup qualification
2019/9/5,Qatar,6,FIFA World Cup qualification
2019/9/5,Mongolia,1,FIFA World Cup qualification
2019/9/5,Tajikistan,1,FIFA World Cup qualification
2019/9/5,Thailand,0,FIFA World Cup qualification
2019/9/5,Indonesia,2,FIFA World Cup qualification
2019/9/5,North Korea,2,FIFA World Cup qualification
2019/9/5,Sri Lanka,0,FIFA World Cup qualification
2019/9/5,Chad,1,FIFA World Cup qualification
2019/9/5,Seychelles,0,FIFA World Cup qualification
2019/9/5,Somalia,1,FIFA World Cup qualification
2019/9/6,Brazil,2,Friendly
2019/9/6,Costa Rica,1,Friendly
2019/9/6,Ivory Coast,1,Friendly
2019/9/6,Morocco,1,Friendly
2019/9/6,Tunisia,1,Friendly
2019/9/6,United States,0,Friendly
2019/9/6,Estonia,1,UEFA Euro qualification
2019/9/6,Germany,2,UEFA Euro qualification
2019/9/6,Wales,2,UEFA Euro qualification
2019/9/6,Slovakia,0,UEFA Euro qualification
2019/9/6,Austria,6,UEFA Euro qualification
2019/9/6,Slovenia,2,UEFA Euro qualification
2019/9/6,Cyprus,1,UEFA Euro qualification
2019/9/6,Scotland,1,UEFA Euro qualification
2019/9/6,San Marino,0,UEFA Euro qualification
2019/9/6,Martinique,1,CONCACAF Nations League
2019/9/6,Aruba,0,CONCACAF Nations League
2019/9/6,Jamaica,6,CONCACAF Nations League
2019/9/6,Nicaragua,1,CONCACAF Nations League
2019/9/6,Bonaire,4,CONCACAF Nations League
2019/9/6,Comoros,1,FIFA World Cup qualification
2019/9/6,Gambia,0,FIFA World Cup qualification
2019/9/7,Libya,2,Friendly
2019/9/7,Kosovo,2,UEFA Euro qualification
2019/9/7,England,4,UEFA Euro qualification
2019/9/7,Lithuania,0,UEFA Euro qualification
2019/9/7,Serbia,2,UEFA Euro qualification
2019/9/7,Iceland,3,UEFA Euro qualification
2019/9/7,France,4,UEFA Euro qualification
2019/9/7,Turkey,1,UEFA Euro qualification
2019/9/7,Canada,6,CONCACAF Nations League
2019/9/7,Curaçao,1,CONCACAF Nations League
2019/9/7,Montserrat,2,CONCACAF Nations League
2019/9/7,El Salvador,3,CONCACAF Nations League
2019/9/7,Guadeloupe,5,CONCACAF Nations League
2019/9/7,Botswana,0,FIFA World Cup qualification
2019/9/8,Kenya,1,Friendly
2019/9/8,Switzerland,4,UEFA Euro qualification
2019/9/8,Georgia,0,UEFA Euro qualification
2019/9/8,Romania,1,UEFA Euro qualification
2019/9/8,Spain,4,UEFA Euro qualification
2019/9/8,Sweden,1,UEFA Euro qualification
2019/9/8,Armenia,4,UEFA Euro qualification
2019/9/8,Finland,1,UEFA Euro qualification
2019/9/8,Greece,1,UEFA Euro qualification
2019/9/8,Panama,0,CONCACAF Nations League
2019/9/8,Belize,1,CONCACAF Nations League
2019/9/8,Saint Kitts and Nevis,2,CONCACAF Nations League
2019/9/8,Saint Vincent and the Grenadines,1,CONCACAF Nations League
2019/9/8,Suriname,6,CONCACAF Nations League
2019/9/8,Saint Martin,1,CONCACAF Nations League
2019/9/8,Cayman Islands,3,CONCACAF Nations League
2019/9/8,Equatorial Guinea,1,FIFA World Cup qualification
2019/9/8,Lesotho,1,FIFA World Cup qualification
2019/9/8,Sierra Leone,1,FIFA World Cup qualification
2019/9/8,Tanzania,1,FIFA World Cup qualification
2019/9/9,Algeria,1,Friendly
2019/9/9,Iraq,0,Friendly
2019/9/9,Wales,1,Friendly
2019/9/9,Northern Ireland,0,UEFA Euro qualification
2019/9/9,Estonia,0,UEFA Euro qualification
2019/9/9,Azerbaijan,1,UEFA Euro qualification
2019/9/9,Hungary,1,UEFA Euro qualification
2019/9/9,Poland,0,UEFA Euro qualification
2019/9/9,Slovenia,3,UEFA Euro qualification
2019/9/9,Latvia,0,UEFA Euro qualification
2019/9/9,Scotland,0,UEFA Euro qualification
2019/9/9,Russia,1,UEFA Euro qualification
2019/9/9,San Marino,0,UEFA Euro qualification
2019/9/9,Trinidad and Tobago,2,CONCACAF Nations League
2019/9/9,Antigua and Barbuda,2,CONCACAF Nations League
2019/9/9,Guyana,0,CONCACAF Nations League
2019/9/9,Bahamas,2,CONCACAF Nations League
2019/9/10,Argentina,4,Friendly
2019/9/10,Brazil,0,Friendly
2019/9/10,Colombia,0,Friendly
2019/9/10,Ecuador,3,Friendly
2019/9/10,Honduras,2,Friendly
2019/9/10,Ivory Coast,2,Friendly
2019/9/10,Jordan,2,Friendly
2019/9/10,Morocco,1,Friendly
2019/9/10,Oman,1,Friendly
2019/9/10,Republic of Ireland,3,Friendly
2019/9/10,Ukraine,2,Friendly
2019/9/10,United States,1,Friendly
2019/9/10,England,5,UEFA Euro qualification
2019/9/10,Montenegro,0,UEFA Euro qualification
2019/9/10,Luxembourg,1,UEFA Euro qualification
2019/9/10,Lithuania,1,UEFA Euro qualification
2019/9/10,Albania,4,UEFA Euro qualification
2019/9/10,France,3,UEFA Euro qualification
2019/9/10,Moldova,0,UEFA Euro qualification
2019/9/10,Cuba,0,CONCACAF Nations League
2019/9/10,Haiti,1,CONCACAF Nations League
2019/9/10,Montserrat,1,CONCACAF Nations League
2019/9/10,Dominican Republic,1,CONCACAF Nations League
2019/9/10,Puerto Rico,0,CONCACAF Nations League
2019/9/10,Turks and Caicos Islands,0,CONCACAF Nations League
2019/9/10,Guam,1,FIFA World Cup qualification
2019/9/10,Maldives,0,FIFA World Cup qualification
2019/9/10,Kuwait,0,FIFA World Cup qualification
2019/9/10,Chinese Taipei,0,FIFA World Cup qualification
2019/9/10,Cambodia,0,FIFA World Cup qualification
2019/9/10,Hong Kong,0,FIFA World Cup qualification
2019/9/10,Yemen,2,FIFA World Cup qualification
2019/9/10,Singapore,2,FIFA World Cup qualification
2019/9/10,Afghanistan,1,FIFA World Cup qualification
2019/9/10,Qatar,0,FIFA World Cup qualification
2019/9/10,Mongolia,0,FIFA World Cup qualification
2019/9/10,Myanmar,0,FIFA World Cup qualification
2019/9/10,Indonesia,0,FIFA World Cup qualification
2019/9/10,Malaysia,1,FIFA World Cup qualification
2019/9/10,Turkmenistan,0,FIFA World Cup qualification
2019/9/10,Sri Lanka,0,FIFA World Cup qualification
2019/9/10,Angola,2,FIFA World Cup qualification
2019/9/10,Guinea-Bissau,2,FIFA World Cup qualification
2019/9/10,Malawi,1,FIFA World Cup qualification
2019/9/10,Mozambique,2,FIFA World Cup qualification
2019/9/10,Namibia,2,FIFA World Cup qualification
2019/9/10,Rwanda,7,FIFA World Cup qualification
2019/9/10,Sudan,0,FIFA World Cup qualification
2019/9/10,Eswatini,0,FIFA World Cup qualification
2019/9/10,Togo,2,FIFA World Cup qualification
2019/9/10,Zimbabwe,3,FIFA World Cup qualification
2019/9/18,DR Congo,2,Friendly
2019/9/21,Burundi,0,African Nations Championship qualification
2019/9/21,Algeria,0,African Nations Championship qualification
2019/9/21,Tunisia,1,African Nations Championship qualification
2019/9/21,Mauritania,0,African Nations Championship qualification
2019/9/21,Senegal,1,African Nations Championship qualification
2019/9/22,Central African Republic,0,African Nations Championship qualification
2019/9/22,Equatorial Guinea,2,African Nations Championship qualification
2019/9/22,Ethiopia,0,African Nations Championship qualification
2019/9/22,Tanzania,0,African Nations Championship qualification
2019/9/22,Madagascar,1,African Nations Championship qualification
2019/9/22,Eswatini,0,African Nations Championship qualification
2019/9/22,Zimbabwe,3,African Nations Championship qualification
2019/9/22,Ghana,0,African Nations Championship qualification
2019/9/22,Niger,2,African Nations Championship qualification
2019/9/22,Togo,4,African Nations Championship qualification
2019/9/29,Bangladesh,4,Friendly
2019/9/30,Botswana,0,Friendly
2019/10/2,Mexico,2,Friendly
2019/10/3,Bangladesh,2,Friendly
2019/10/5,Jordan,0,Friendly
2019/10/5,Malaysia,6,Friendly
2019/10/9,Djibouti,1,African Cup of Nations qualification
2019/10/9,Liberia,1,African Cup of Nations qualification
2019/10/9,Mauritius,1,African Cup of Nations qualification
2019/10/9,South Sudan,2,African Cup of Nations qualification
2019/10/9,Bahrain,2,Friendly
2019/10/9,Germany,2,Friendly
2019/10/10,Belarus,0,UEFA Euro qualification
2019/10/10,Netherlands,3,UEFA Euro qualification
2019/10/10,Croatia,3,UEFA Euro qualification
2019/10/10,Slovakia,1,UEFA Euro qualification
2019/10/10,Austria,3,UEFA Euro qualification
2019/10/10,North Macedonia,2,UEFA Euro qualification
2019/10/10,Latvia,0,UEFA Euro qualification
2019/10/10,Kazakhstan,1,UEFA Euro qualification
2019/10/10,Belgium,9,UEFA Euro qualification
2019/10/10,Russia,4,UEFA Euro qualification
2019/10/10,Algeria,1,Friendly
2019/10/10,Brazil,1,Friendly
2019/10/10,Cape Verde,2,Friendly
2019/10/10,Gabon,1,Friendly
2019/10/10,Kosovo,1,Friendly
2019/10/10,Niger,1,Friendly
2019/10/10,Serbia,1,Friendly
2019/10/10,Thailand,1,Friendly
2019/10/10,Venezuela,4,Friendly
2019/10/10,Trinidad and Tobago,0,CONCACAF Nations League
2019/10/10,Haiti,1,CONCACAF Nations League
2019/10/10,Belize,0,CONCACAF Nations League
2019/10/10,French Guiana,0,CONCACAF Nations League
2019/10/10,British Virgin Islands,0,CONCACAF Nations League
2019/10/10,Sint Maarten,2,CONCACAF Nations League
2019/10/10,Syria,2,FIFA World Cup qualification
2019/10/10,China PR,7,FIFA World Cup qualification
2019/10/10,Jordan,0,FIFA World Cup qualification
2019/10/10,Australia,5,FIFA World Cup qualification
2019/10/10,Iran,14,FIFA World Cup qualification
2019/10/10,Iraq,2,FIFA World Cup qualification
2019/10/10,Uzbekistan,5,FIFA World Cup qualification
2019/10/10,Saudi Arabia,3,FIFA World Cup qualification
2019/10/10,Bangladesh,0,FIFA World Cup qualification
2019/10/10,Oman,3,FIFA World Cup qualification
2019/10/10,Japan,6,FIFA World Cup qualification
2019/10/10,Kyrgyzstan,7,FIFA World Cup qualification
2019/10/10,United Arab Emirates,5,FIFA World Cup qualification
2019/10/10,Vietnam,1,FIFA World Cup qualification
2019/10/10,Lebanon,2,FIFA World Cup qualification
2019/10/10,South Korea,8,FIFA World Cup qualification
2019/10/11,Czech Republic,2,UEFA Euro qualification
2019/10/11,Montenegro,0,UEFA Euro qualification
2019/10/11,Portugal,3,UEFA Euro qualification
2019/10/11,Ukraine,2,UEFA Euro qualification
2019/10/11,Iceland,0,UEFA Euro qualification
2019/10/11,Andorra,1,UEFA Euro qualification
2019/10/11,Turkey,1,UEFA Euro qualification
2019/10/11,Morocco,1,Friendly
2019/10/11,Uruguay,1,Friendly
2019/10/11,United States,7,CONCACAF Nations League
2019/10/11,Bermuda,1,CONCACAF Nations League
2019/10/11,Antigua and Barbuda,2,CONCACAF Nations League
2019/10/11,Saint Vincent and the Grenadines,2,CONCACAF Nations League
2019/10/11,Nicaragua,3,CONCACAF Nations League
2019/10/12,Georgia,0,UEFA Euro qualification
2019/10/12,Denmark,1,UEFA Euro qualification
2019/10/12,Faroe Islands,0,UEFA Euro qualification
2019/10/12,Malta,0,UEFA Euro qualification
2019/10/12,Norway,1,UEFA Euro qualification
2019/10/12,Bosnia and Herzegovina,4,UEFA Euro qualification
2019/10/12,Italy,2,UEFA Euro qualification
2019/10/12,Liechtenstein,1,UEFA Euro qualification
2019/10/12,Colombia,0,Friendly
2019/10/12,Guinea,0,Friendly
2019/10/12,Ivory Coast,3,Friendly
2019/10/12,Tunisia,0,Friendly
2019/10/12,Dominican Republic,3,CONCACAF Nations League
2019/10/12,Montserrat,0,CONCACAF Nations League
2019/10/12,Jamaica,2,CONCACAF Nations League
2019/10/12,Barbados,1,CONCACAF Nations League
2019/10/12,Saint Martin,3,CONCACAF Nations League
2019/10/12,Anguilla,0,CONCACAF Nations League
2019/10/13,Belarus,1,UEFA Euro qualification
2019/10/13,Estonia,0,UEFA Euro qualification
2019/10/13,Hungary,1,UEFA Euro qualification
2019/10/13,Wales,1,UEFA Euro qualification
2019/10/13,Poland,2,UEFA Euro qualification
2019/10/13,Slovenia,0,UEFA Euro qualification
2019/10/13,Scotland,6,UEFA Euro qualification
2019/10/13,Cyprus,0,UEFA Euro qualification
2019/10/13,Kazakhstan,0,UEFA Euro qualification
2019/10/13,Gambia,1,African Cup of Nations qualification
2019/10/13,Chad,1,African Cup of Nations qualification
2019/10/13,São Tomé and Príncipe,2,African Cup of Nations qualification
2019/10/13,Seychelles,0,African Cup of Nations qualification
2019/10/13,Benin,2,Friendly
2019/10/13,Brazil,1,Friendly
2019/10/13,Ecuador,1,Friendly
2019/10/13,Equatorial Guinea,1,Friendly
2019/10/13,Ethiopia,0,Friendly
2019/10/13,Kenya,0,Friendly
2019/10/13,Lesotho,1,Friendly
2019/10/13,Niger,0,Friendly
2019/10/13,Slovakia,1,Friendly
2019/10/13,South Africa,2,Friendly
2019/10/13,Honduras,1,CONCACAF Nations League
2019/10/13,Costa Rica,0,CONCACAF Nations League
2019/10/13,Saint Kitts and Nevis,0,CONCACAF Nations League
2019/10/13,Grenada,1,CONCACAF Nations League
2019/10/13,British Virgin Islands,3,CONCACAF Nations League
2019/10/14,Kosovo,2,UEFA Euro qualification
2019/10/14,Bulgaria,0,UEFA Euro qualification
2019/10/14,Lithuania,1,UEFA Euro qualification
2019/10/14,Ukraine,2,UEFA Euro qualification
2019/10/14,Iceland,2,UEFA Euro qualification
2019/10/14,France,1,UEFA Euro qualification
2019/10/14,Moldova,0,UEFA Euro qualification
2019/10/14,Czech Republic,2,Friendly
2019/10/14,Egypt,1,Friendly
2019/10/14,Rwanda,0,Friendly
2019/10/14,Venezuela,2,Friendly
2019/10/14,Guyana,5,CONCACAF Nations League
2019/10/14,Dominica,0,CONCACAF Nations League
2019/10/14,Suriname,0,CONCACAF Nations League
2019/10/14,Sint Maarten,1,CONCACAF Nations League
2019/10/15,Gibraltar,2,UEFA Euro qualification
2019/10/15,Switzerland,2,UEFA Euro qualification
2019/10/15,Faroe Islands,1,UEFA Euro qualification
2019/10/15,Sweden,1,UEFA Euro qualification
2019/10/15,Romania,1,UEFA Euro qualification
2019/10/15,Israel,3,UEFA Euro qualification
2019/10/15,Finland,3,UEFA Euro qualification
2019/10/15,Liechtenstein,0,UEFA Euro qualification
2019/10/15,Greece,2,UEFA Euro qualification
2019/10/15,Algeria,3,Friendly
2019/10/15,Bermuda,0,Friendly
2019/10/15,Bolivia,3,Friendly
2019/10/15,Chile,3,Friendly
2019/10/15,Denmark,4,Friendly
2019/10/15,Kuwait,1,Friendly
2019/10/15,Mauritania,0,Friendly
2019/10/15,Morocco,2,Friendly
2019/10/15,Peru,1,Friendly
2019/10/15,Canada,2,CONCACAF Nations League
2019/10/15,Mexico,3,CONCACAF Nations League
2019/10/15,Dominican Republic,0,CONCACAF Nations League
2019/10/15,Saint Lucia,0,CONCACAF Nations League
2019/10/15,Aruba,0,CONCACAF Nations League
2019/10/15,Cayman Islands,1,CONCACAF Nations League
2019/10/15,U.S. Virgin Islands,0,CONCACAF Nations League
2019/10/15,Anguilla,2,CONCACAF Nations League
2019/10/15,Syria,4,FIFA World Cup qualification
2019/10/15,Philippines,0,FIFA World Cup qualification
2019/10/15,Jordan,3,FIFA World Cup qualification
2019/10/15,Chinese Taipei,1,FIFA World Cup qualification
2019/10/15,Cambodia,0,FIFA World Cup qualification
2019/10/15,Bahrain,1,FIFA World Cup qualification
2019/10/15,Palestine,0,FIFA World Cup qualification
2019/10/15,Singapore,1,FIFA World Cup qualification
2019/10/15,India,1,FIFA World Cup qualification
2019/10/15,Qatar,2,FIFA World Cup qualification
2019/10/15,Mongolia,1,FIFA World Cup qualification
2019/10/15,Tajikistan,0,FIFA World Cup qualification
2019/10/15,Thailand,2,FIFA World Cup qualification
2019/10/15,Indonesia,1,FIFA World Cup qualification
2019/10/15,North Korea,0,FIFA World Cup qualification
2019/10/15,Sri Lanka,0,FIFA World Cup qualification
2019/10/18,Sudan,1,African Nations Championship qualification
2019/10/19,Rwanda,1,African Nations Championship qualification
2019/10/19,Uganda,3,African Nations Championship qualification
2019/10/19,Morocco,3,African Nations Championship qualification
2019/10/19,Namibia,2,African Nations Championship qualification
2019/10/19,Zambia,2,African Nations Championship qualification
2019/10/19,Nigeria,2,African Nations Championship qualification
2019/10/20,Congo,1,African Nations Championship qualification
2019/10/20,DR Congo,4,African Nations Championship qualification
2019/10/20,Libya,1,African Nations Championship qualification
2019/10/20,Lesotho,0,African Nations Championship qualification
2019/10/20,Guinea,1,African Nations Championship qualification
2019/10/20,Mali,2,African Nations Championship qualification
2019/10/20,Burkina Faso,0,African Nations Championship qualification
2019/10/20,Ivory Coast,1,African Nations Championship qualification
2019/11/7,Egypt,1,Friendly
2019/11/7,Nicaragua,0,Friendly
2019/11/9,Malaysia,1,Friendly
2019/11/9,Namibia,0,Friendly
2019/11/9,Uzbekistan,3,Friendly
2019/11/10,Nicaragua,0,Friendly
2019/11/10,Trinidad and Tobago,15,Friendly
2019/11/13,Namibia,2,African Cup of Nations qualification
2019/11/13,Malawi,1,African Cup of Nations qualification
2019/11/13,Burkina Faso,0,African Cup of Nations qualification
2019/11/13,Sudan,4,African Cup of Nations qualification
2019/11/13,Angola,1,African Cup of Nations qualification
2019/11/13,Central African Republic,2,African Cup of Nations qualification
2019/11/13,Cameroon,0,African Cup of Nations qualification
2019/11/13,Guinea-Bissau,3,African Cup of Nations qualification
2019/11/13,Senegal,2,African Cup of Nations qualification
2019/11/13,Nigeria,2,African Cup of Nations qualification
2019/11/13,Sierra Leone,1,African Cup of Nations qualification
2019/11/14,Mali,2,African Cup of Nations qualification
2019/11/14,Ghana,2,African Cup of Nations qualification
2019/11/14,DR Congo,0,African Cup of Nations qualification
2019/11/14,Mozambique,2,African Cup of Nations qualification
2019/11/14,Egypt,1,African Cup of Nations qualification
2019/11/14,Togo,0,African Cup of Nations qualification
2019/11/14,Algeria,5,African Cup of Nations qualification
2019/11/14,England,7,UEFA Euro qualification
2019/11/14,Czech Republic,2,UEFA Euro qualification
2019/11/14,Portugal,6,UEFA Euro qualification
2019/11/14,Serbia,3,UEFA Euro qualification
2019/11/14,Turkey,0,UEFA Euro qualification
2019/11/14,Albania,2,UEFA Euro qualification
2019/11/14,France,2,UEFA Euro qualification
2019/11/14,Martinique,1,CONCACAF Nations League
2019/11/14,Curaçao,1,CONCACAF Nations League
2019/11/14,Saint Kitts and Nevis,0,CONCACAF Nations League
2019/11/14,Belize,2,CONCACAF Nations League
2019/11/14,Bahamas,3,CONCACAF Nations League
2019/11/14,Turks and Caicos Islands,3,CONCACAF Nations League
2019/11/14,Bulgaria,0,Friendly
2019/11/14,Cambodia,1,Friendly
2019/11/14,Ecuador,3,Friendly
2019/11/14,Qatar,2,Friendly
2019/11/14,Republic of Ireland,3,Friendly
2019/11/14,Ukraine,1,Friendly
2019/11/14,Maldives,1,FIFA World Cup qualification
2019/11/14,Syria,2,FIFA World Cup qualification
2019/11/14,Jordan,0,FIFA World Cup qualification
2019/11/14,Kuwait,9,FIFA World Cup qualification
2019/11/14,Iraq,2,FIFA World Cup qualification
2019/11/14,Hong Kong,0,FIFA World Cup qualification
2019/11/14,Uzbekistan,2,FIFA World Cup qualification
2019/11/14,Yemen,1,FIFA World Cup qualification
2019/11/14,Afghanistan,1,FIFA World Cup qualification
2019/11/14,Oman,4,FIFA World Cup qualification
2019/11/14,Myanmar,4,FIFA World Cup qualification
2019/11/14,Kyrgyzstan,0,FIFA World Cup qualification
2019/11/14,Vietnam,1,FIFA World Cup qualification
2019/11/14,Malaysia,2,FIFA World Cup qualification
2019/11/14,Lebanon,0,FIFA World Cup qualification
2019/11/14,Turkmenistan,3,FIFA World Cup qualification
2019/11/15,Morocco,0,African Cup of Nations qualification
2019/11/15,Zimbabwe,0,African Cup of Nations qualification
2019/11/15,Tanzania,2,African Cup of Nations qualification
2019/11/15,Tunisia,4,African Cup of Nations qualification
2019/11/15,Denmark,6,UEFA Euro qualification
2019/11/15,Switzerland,1,UEFA Euro qualification
2019/11/15,Norway,4,UEFA Euro qualification
2019/11/15,Spain,7,UEFA Euro qualification
2019/11/15,Romania,0,UEFA Euro qualification
2019/11/15,Finland,3,UEFA Euro qualification
2019/11/15,Bosnia and Herzegovina,0,UEFA Euro qualification
2019/11/15,Armenia,0,UEFA Euro qualification
2019/11/15,United States,4,CONCACAF Nations League
2019/11/15,Panama,0,CONCACAF Nations League
2019/11/15,Antigua and Barbuda,0,CONCACAF Nations League
2019/11/15,Guyana,4,CONCACAF Nations League
2019/11/15,Saint Vincent and the Grenadines,1,CONCACAF Nations League
2019/11/15,Suriname,4,CONCACAF Nations League
2019/11/15,Colombia,1,Friendly
2019/11/15,Hungary,1,Friendly
2019/11/16,Ivory Coast,1,African Cup of Nations qualification
2019/11/16,Madagascar,1,African Cup of Nations qualification
2019/11/16,Northern Ireland,0,UEFA Euro qualification
2019/11/16,Germany,4,UEFA Euro qualification
2019/11/16,Croatia,3,UEFA Euro qualification
2019/11/16,Azerbaijan,0,UEFA Euro qualification
2019/11/16,Slovenia,1,UEFA Euro qualification
2019/11/16,Austria,2,UEFA Euro qualification
2019/11/16,Israel,1,UEFA Euro qualification
2019/11/16,Cyprus,1,UEFA Euro qualification
2019/11/16,San Marino,1,UEFA Euro qualification
2019/11/16,Russia,1,UEFA Euro qualification
2019/11/16,Saint Lucia,1,CONCACAF Nations League
2019/11/16,El Salvador,1,CONCACAF Nations League
2019/11/16,Saint Martin,1,CONCACAF Nations League
2019/11/16,Cayman Islands,1,CONCACAF Nations League
2019/11/16,Guatemala,5,CONCACAF Nations League
2019/11/17,Chad,0,African Cup of Nations qualification
2019/11/17,Guinea,2,African Cup of Nations qualification
2019/11/17,South Sudan,1,African Cup of Nations qualification
2019/11/17,Uganda,2,African Cup of Nations qualification
2019/11/17,South Africa,1,African Cup of Nations qualification
2019/11/17,Gabon,2,African Cup of Nations qualification
2019/11/17,Rwanda,0,African Cup of Nations qualification
2019/11/17,Congo,3,African Cup of Nations qualification
2019/11/17,Eswatini,1,African Cup of Nations qualification
2019/11/17,Benin,1,African Cup of Nations qualification
2019/11/17,Lesotho,2,African Cup of Nations qualification
2019/11/17,Kosovo,0,UEFA Euro qualification
2019/11/17,Bulgaria,1,UEFA Euro qualification
2019/11/17,Luxembourg,0,UEFA Euro qualification
2019/11/17,Serbia,2,UEFA Euro qualification
2019/11/17,Albania,0,UEFA Euro qualification
2019/11/17,Andorra,0,UEFA Euro qualification
2019/11/17,Moldova,1,UEFA Euro qualification
2019/11/17,Honduras,4,CONCACAF Nations League
2019/11/17,Costa Rica,1,CONCACAF Nations League
2019/11/17,Grenada,3,CONCACAF Nations League
2019/11/17,French Guiana,3,CONCACAF Nations League
2019/11/17,Bonaire,1,CONCACAF Nations League
2019/11/17,Guadeloupe,10,CONCACAF Nations League
2019/11/17,Lithuania,1,Friendly
2019/11/18,São Tomé and Príncipe,0,African Cup of Nations qualification
2019/11/18,Gambia,2,African Cup of Nations qualification
2019/11/18,Cape Verde,2,African Cup of Nations qualification
2019/11/18,Comoros,0,African Cup of Nations qualification
2019/11/18,Kenya,1,African Cup of Nations qualification
2019/11/18,Botswana,0,African Cup of Nations qualification
2019/11/18,Niger,2,African Cup of Nations qualification
2019/11/18,Republic of Ireland,1,UEFA Euro qualification
2019/11/18,Gibraltar,1,UEFA Euro qualification
2019/11/18,Malta,1,UEFA Euro qualification
2019/11/18,Spain,5,UEFA Euro qualification
2019/11/18,Sweden,3,UEFA Euro qualification
2019/11/18,Italy,9,UEFA Euro qualification
2019/11/18,Liechtenstein,0,UEFA Euro qualification
2019/11/18,Greece,2,UEFA Euro qualification
2019/11/18,Jamaica,1,CONCACAF Nations League
2019/11/18,Aruba,2,CONCACAF Nations League
2019/11/18,Nicaragua,1,CONCACAF Nations League
2019/11/18,Dominica,1,CONCACAF Nations League
2019/11/18,Argentina,2,Friendly
2019/11/19,Burundi,0,African Cup of Nations qualification
2019/11/19,Mauritania,2,African Cup of Nations qualification
2019/11/19,Zambia,1,African Cup of Nations qualification
2019/11/19,Equatorial Guinea,0,African Cup of Nations qualification
2019/11/19,Libya,2,African Cup of Nations qualification
2019/11/19,Ethiopia,2,African Cup of Nations qualification
2019/11/19,Germany,6,UEFA Euro qualification
2019/11/19,Netherlands,5,UEFA Euro qualification
2019/11/19,Wales,2,UEFA Euro qualification
2019/11/19,Slovakia,2,UEFA Euro qualification
2019/11/19,North Macedonia,1,UEFA Euro qualification
2019/11/19,Poland,3,UEFA Euro qualification
2019/11/19,Latvia,1,UEFA Euro qualification
2019/11/19,Scotland,3,UEFA Euro qualification
2019/11/19,Belgium,6,UEFA Euro qualification
2019/11/19,San Marino,0,UEFA Euro qualification
2019/11/19,Cuba,0,CONCACAF Nations League
2019/11/19,Mexico,2,CONCACAF Nations League
2019/11/19,El Salvador,2,CONCACAF Nations League
2019/11/19,Saint Lucia,0,CONCACAF Nations League
2019/11/19,Barbados,3,CONCACAF Nations League
2019/11/19,U.S. Virgin Islands,1,CONCACAF Nations League
2019/11/19,Puerto Rico,3,CONCACAF Nations League
2019/11/19,Brazil,3,Friendly
2019/11/19,Croatia,2,Friendly
2019/11/19,Ecuador,0,Friendly
2019/11/19,Montenegro,2,Friendly
2019/11/19,Saudi Arabia,0,Friendly
2019/11/19,Maldives,3,FIFA World Cup qualification
2019/11/19,Syria,1,FIFA World Cup qualification
2019/11/19,Nepal,0,FIFA World Cup qualification
2019/11/19,Jordan,5,FIFA World Cup qualification
2019/11/19,Iraq,0,FIFA World Cup qualification
2019/11/19,Hong Kong,2,FIFA World Cup qualification
2019/11/19,Uzbekistan,2,FIFA World Cup qualification
2019/11/19,Yemen,1,FIFA World Cup qualification
2019/11/19,Afghanistan,0,FIFA World Cup qualification
2019/11/19,Oman,1,FIFA World Cup qualification
2019/11/19,Myanmar,1,FIFA World Cup qualification
2019/11/19,Kyrgyzstan,1,FIFA World Cup qualification
2019/11/19,Vietnam,0,FIFA World Cup qualification
2019/11/19,Malaysia,2,FIFA World Cup qualification
2019/11/19,Turkmenistan,2,FIFA World Cup qualification
2019/11/19,Lebanon,0,FIFA World Cup qualification
2019/11/21,Guatemala,8,Friendly
2019/11/26,Qatar,1,Gulf Cup
2019/11/26,United Arab Emirates,3,Gulf Cup
2019/11/27,Oman,0,Gulf Cup
2019/11/27,Saudi Arabia,1,Gulf Cup
2019/11/29,United Arab Emirates,0,Gulf Cup
2019/11/29,Qatar,6,Gulf Cup
2019/11/30,Kuwait,1,Gulf Cup
2019/11/30,Bahrain,0,Gulf Cup
2019/12/2,Qatar,4,Gulf Cup
2019/12/2,Yemen,0,Gulf Cup
2019/12/2,Kuwait,2,Gulf Cup
2019/12/2,Oman,1,Gulf Cup
2019/12/5,Iraq,2,Gulf Cup
2019/12/5,Qatar,0,Gulf Cup
2019/12/8,Bahrain,1,Gulf Cup
2019/12/10,China PR,1,EAFF Championship
2019/12/11,South Korea,2,EAFF Championship
2019/12/14,Japan,5,EAFF Championship
2019/12/15,South Korea,1,EAFF Championship
2019/12/18,Hong Kong,0,EAFF Championship
2019/12/18,South Korea,1,EAFF Championship